<?xml version="1.0" encoding="UTF-8"?>
<project-private xmlns="http://www.netbeans.org/ns/project-private/1">
    <editor-bookmarks xmlns="http://www.netbeans.org/ns/editor-bookmarks/2" lastBookmarkId="0"/>
    <open-files xmlns="http://www.netbeans.org/ns/projectui-open-files/2">
        <group>
            <file>file:/D:/Perkuliahan.1/SMSTR%204/STRUDAT/Module_Prak/Latihan_Modul3/src/latihanM3/Latihan1.java</file>
            <file>file:/D:/Perkuliahan.1/SMSTR%204/STRUDAT/Module_Prak/Latihan_Modul3/src/latihanM3/Latihan2.java</file>
        </group>
    </open-files>
</project-private>
